query,gold,answer,abstained,trigger,recoveries,ev_score,groundedness_score,trust_score,latency
who was president of eth in 2003?,olaf kübler,,True,trust_failure,0,1.0,0.0,0.4,4.0289318561553955
wer war 2003 praesident von eth?,olaf kuebler,,True,trust_failure,2,1.0,0.0,0.4,10.675806045532227
who were the rectors of eth between 2017 and 2022?,"sarah springman, günther dissertori.",,True,trust_failure,0,0.95,0.0,0.38,4.093976259231567
wer waren die rektoren von eth zwischen 2017 und 2022?,"sarah springman, guenther dissertori.",,True,trust_failure,0,0.925,0.0,0.37000000000000005,4.764528751373291
who at eth received erc grants?,"european research council grants: tobias donner, eliot ash, ursula keller, klaus ensslin, yiwen chu, judit szuláovi, sebaszno cantalupo, veerle sterken, rachel granoe, paolo crivelli, chriszan degen, jonathan home, lavinia heisenberg, tilman esslinger, ....","ETH Zurich researchers have received a total of 150 ERC grants (including 114 million Swiss francs in advanced grants and 46 million Swiss francs in starting grants). The names of some of the researchers who have received these grants are mentioned in the context, such as Tilman Esslinger, who received a second advanced grant.",False,,0,1.0,1.0,1.0,7.477809190750122
wer erhielt bei eth zuschuesse?,"europaeischer forschungsrat gewaehrt: tobias donner, eliot ash, ursula keller, klaus ensslin, yiwen chu, judit szuláovi, sebaszno cantalupo, veerle sterken, rachel granoe, paolo crivelli, chriszan degen, jonathan home, lavinia heisenberg, tilman esslinger, ....","The event received support from the Swiss School Board, the ETH Board and ETH domain with its two federal institutes of technology and four research institutes, the State Secretariat for Education, Research and Innovation, and numerous partners from the economy and charitable foundations. (context)

Therefore, the question ""wer recibió apoyos en eth?"" (who received sponsorships at eth?) can be answered with ""The event received sponsorships from various organizations and institutions, as mentioned in the context.""

However, the context does not provide specific information about individuals who received sponsorships or",False,,0,0.9,1.0,0.96,11.534324645996094
when did the insight get to mars?,26 november 2018,,True,trust_failure,0,0.9167,0.0,0.36668,3.414377212524414
wann kam die einsicht zu mars?,26. november 2018,,True,trust_failure,0,0.8,0.0,0.32000000000000006,3.7259199619293213
what did prof. schubert say about flying?,"flying is too cheap. if we want to reduce flying, surcharges on air fares are certainly a step in the right direction.","Prof. Schubert expressed concerns about the high ticket prices in train travel compared to the competitive and low-priced air travel market. She also suggested a new approach to air travel, implying dissatisfaction with relying solely on price signals to address the issue. (Context)",False,,0,1.0,1.0,1.0,6.1133832931518555
was hat prof. schubert ueber das fliegen gesagt?,"das fliegen ist zu billig. wenn wir das fliegen reduzieren wollen, sind die zuschlaege auf die flugpreise sicherlich ein schritt in die richtige richtung.",,True,trust_failure,0,0.8214,0.0,0.32856,4.7689738273620605
what is e-sling?,"4-seated electric airplane, built by 20 electrical and mechanical engineering students at eth zurich.",,True,trust_failure,0,0.75,0.0,0.30000000000000004,3.080889940261841
was ist e-sling?,"4-sitziges elektrisches flugzeug, gebaut von 20 elektro- und maschinenbaustudenten bei eth zurich.",,True,trust_failure,0,0.875,0.0,0.35000000000000003,3.583390474319458
who are famous eth alumni?,"wilhelm conrad röntgen, charles-edouard guillaume, albert einstein, felix bloch, heinrich rohrer, georg bednorz, karl alexander müller, alfred werner, fritz haber, richard ernst, tadeus reichstein, werner arber, othmar ammann, max frisch, rudolf clausius, sanzago calatrava, john von neumann, maurice koechlin, mileva marić, richard kuhn, albert heim, armand borel, ferdinand piëch, gabriel narutowicz, hansjörg wyss, kurt wüthrich, marcel grossmann, eduard imhof.","One famous Eth Zurich alumnus is Albert Einstein, known for his groundbreaking 17-page 1905 essay ""A New Determination of Molecular Dimensions"" [external link].",False,,0,1.0,1.0,1.0,5.302618741989136
wer sind beruehmte eth alumni?,"wilhelm conrad roentgen, charles-edouard guillaume, albert einstein, felix blockh, heinrich rohrer, georg bednorz, karl alexander mueller, alfred werner, fritz haber, richard ernst, tadeus reichstein, werner arber, othmar ammann, max frisch, rudolf clausius, sanzago calatrava, john von neumann, maurice koechlin, m","Julie Derron (triathlon), Annina Fahr (athletics), Geraldine Frey (athletics), Scott Bärlocher (rowing), and Jan Stäuble (rowing) are famous Eth Zurich alumni who are competing in the 2024 Olympic Games. Hans von Guten, the first full-time rector of Eth Zurich, is also an alumnus.",False,,0,0.9,1.0,0.96,8.945923805236816
who at eth currently works on research regarding climate change?,"eth department of environmental systems science, d-usys, on the research side, anthony pat (climate policy) and several researchers (check); insztute for atmospheric and climate science; chair of hydrology and water resources development, d-baug, nadel on sustainable development (jasmine neve); eth net zero on the institutional side.","Professor Reto Knutti, currently a full professor at ETH Zurich, works on climate change research in the field of climate physics. Other researchers mentioned in the context who are engaged in climate science are Marloes Maathuis, Jake Alexander, and Martin Frimmer, who have been appointed as full and adjunct professors. However, the context does not provide specific information about their research focus on climate change.",False,,0,0.9643,1.0,0.98572,8.869088172912598
wer arbeitet derzeit an der erforschung des klimawandels?,"eth abteilung fuer umweltsysteme wissenschaft, d-usys, auf der forschungsseite, anthony pat (klimapolitik) und mehrere forscher (check); insztute fuer atmosphaerische und klimawissenschaften; lehrstuhl fuer hydrologie und wasserressourcen entwicklung, d-baug, nadel ueber nachhaltige entwicklung (jasmine neve); eth net null auf der institutionellen seite.",,True,trust_failure,0,0.8571,0.0,0.34284000000000003,7.815192461013794
how do alpine plants respond to climate change?,"alpine plants are being significantly impacted by climate change, primarily due to increasing temperatures that allow lower-elevation species to migrate upward. while many alpine plants can tolerate warming itself, they struggle to compete with faster- growing, larger plants from lower elevations, which are gaining a competitive edge in warmer conditions. this shift is gradually altering the composizon of plant communizes, especially at mid-elevations where vegetazon is already dense. resistance from established alpine species and limited seed dispersal slow this process, but over zme, as climate warming continues, lower-elevation plants are expected to establish themselves more widely. experimental studies at eth suggest that while some alpine plants can survive in future climazc conditions, many are at risk of being outcompeted, leading to significant long-term changes in alpine ecosystems. this is about explaining a phenomenon based on eth research.",,True,trust_failure,0,1.0,0.0,0.4,5.806203842163086
wie reagieren alpine pflanzen auf den klimawandel?,"die alpinen pflanzen werden durch den klimawandel erheblich beeinflusst, vor allem durch die steigenden temperaturen, die es ermoeglichen, dass die unteren elevationsarten nach oben wandern. waehrend viele alpine pflanzen die erwaermung selbst tolerieren koennen, kaempfen sie um den wettbewerb mit schneller wachsenden, groesseren pflanzen aus niedrigeren hoehen, die unter waermeren bedingungen einen wettbewerbsvorteil gewinnen. diese verschiebung veraendert allmaehlich die zusammensetzung von pflanzenkommunizen, vor allem bei mittleren elevationen, bei denen vegetazon bereits dicht ist. widerstandsfaehigkeit von etablierten alpinen arten und begrenzte samenverbreitung verlangsamen diesen prozess, aber ueber zme","Alpine plants react to climate change by adapting to the new conditions. However, the context does not provide specific information about how alpine plants adapt or the societal costs and benefits of different energy systems related to their response to climate change.",False,,0,0.8929,1.0,0.95716,5.909700870513916
how would you make ferzlizer without carbon emissions?,"reducing carbon emissions in ferzlizer produczon requires shifting away from fossil fuel- based hydrogen and adopzng more sustainable alternazves. one method is electrificazon using renewable energy, where hydrogen is produced via water electrolysis powered by solar or wind energy, eliminazng direct emissions but requiring significantly more energy. a third option is hydrogen produczon from biomass, which can be carbon-neutral if using waste materials but competes with food produczon for land and water. addizonally, improving ferzlizer efficiency by reducing overuse and food waste can lower overall demand, while decentralized produczon in regions with abundant renewables or biomass can enhance food security. a combinazon of these strategies, tailored to local conditions, offers the most effeczve path to decarbonizing ferzlizer produczon, mitigating climate impact while maintaining agricultural productivity. this is about explaining a phenomenon based on eth research.","To make fertilizer without carbon emissions, you can produce ""green ammonia"" or ""green fertilizer"" using electricity from carbon neutral energy sources to convert nitrogen from the air and hydrogen from water through the Haber-Bosch process. The resulting ammonia is carbon neutral because no fossil fuels are used in its production. However, the context provided does not specifically mention the production of fertilizer using green hydrogen.",False,,0,0.9286,0.6666666666666666,0.7714399999999999,9.20058012008667
wie wuerden sie ferzlizer ohne kohlenstoffemissionen herstellen?,"die verringerung der co2-emissionen in ferzlizer-produzon erfordert eine verlagerung von fossilen brennstoffen-basierten wasserstoff und adoptzng nachhaltiger alternazves. eine methode ist elektrificazon mit erneuerbaren energien, wo wasserstoff durch wasserelektrolyse mit sonnen- oder windenergie erzeugt wird, eliminazng direkte emissionen, aber erfordern deutlich mehr energie. eine dritte option ist wasserstoff-produzon aus biomasse, die kohlenstoffneutral sein kann, wenn mit abfallmaterialien, aber konkurrieren mit lebensmittel-produzon fuer land und wasser. zusaetzlich, verbesserung der ferz",,True,trust_failure,0,0.8571,0.0,0.34284000000000003,4.264314413070679
what research is eth famous for?,"as a research-intensive university, eth conducts research across a wide spectrum of disciplines. what are you interested in? as an official bot, it should not favor one department over another. when questions about being currently famous or successful arise, they need to be deflected.","ETH Zurich is famous for conducting research in various fields, including agricultural sciences, chemistry, and information technology. The institution is known for its combination of fundamental and applied research with a focus on current topics. One example is the research being done to counter hate comments on the web. ETH also has a strong focus on interdisciplinary research and innovation.",False,,0,0.9375,0.875,0.9,7.599593162536621
wofuer ist eth bekannt?,"als forschungsintensive universitaet betreibt eth forschung ueber ein breites spektrum von disziplinen. was interessieren sie sich? als offizielle bot, es sollte nicht bevorzugen, eine abteilung gegenueber anderen. wenn fragen ueber sein derzeit beruehmt oder erfolgreich entstehen, muessen sie abgelenkt werden.","ETH Zurich is known for its research and discoveries in various fields, including medicine and engineering. For instance, they have made significant contributions to the understanding of rare genetic disorders and the development of new technologies like tauchroboter Tethys, robotohund Anymal, and unbemannten Bagger Gravis. They also have a strong focus on fundamental research and its application in practice.",False,,0,0.9375,1.0,0.975,8.34086012840271
how much of eth’s electricity consumpzon is due to compuzng? how did that develop over the years?,"we have very litle data on this. in 2017, compuzng at eth zurich produced 13,500 tons of co2, which is about 10% of the total emissions produced. eth zurich consumes about 40 gwh of electricity per year; this number has been increasing over the years. eth zurich has the goal of net-zero emissions by 2030. it is important to say, “we do not know,” but go out and find related informazon.",,True,trust_failure,0,0.925,0.0,0.37000000000000005,5.085707426071167
wie viel von eth s stromverbrauch ist aufgrund von compuzng? wie hat sich das im laufe der jahre entwickelt?,"wir haben sehr detaillierte daten dazu. im jahr 2017 produzierte compuzng bei eth zurich 13.500 tonnen co2, was etwa 10% der gesamten produzierten emissionen entspricht. eth zurich verbraucht etwa 40 gwh strom pro jahr; diese zahl hat im laufe der jahre zugenommen. eth zurich hat das ziel, die netto-null-emissionen bis 2030 zu erreichen.es ist wichtig zu sagen, dass wir es nicht wissen, aber gehen sie hinaus und finden sie verwandte informazon.",,True,trust_failure,0,0.8235,0.0,0.3294,4.566720962524414
what are pseudocereals and who does research on them?,"pseudocereals are plants that are not botanically related to true cereals (such as wheat, rice, or corn) but are culzvated and used in a similar way. they produce storable seeds with grain-like characteriszcs, making them viable alternazves to tradizonal cereals. pseudocereals offer benefits such as different pest resistance, high nutrizonal value, and gluten-free properzes. the three most important pseudocereals are buckwheat, quinoa, and amaranth. the molecular plant breeding group at eth zurich is working on this. this is about explaining a phenomenon based on eth research.","Pseudocereals are plants whose seeds are used as grain or grain alternatives in human food. They are called pseudocereals because their seeds do not produce true cereal grains, but are instead nut-like or grain-like. Research on pseudocereals is conducted by various institutions, including ETH Zurich, where Hess conducted his research on duckweed, a type of pseudocereal. Other researchers from ETH Zurich, such as Treutlein, are also involved in research related to pseudocereals as part of their collaborations with industries and institutions. Additionally, Roche",False,,0,0.9167,0.8,0.84668,11.82986569404602
was sind pseudocerealien und wer erforscht sie?,"pseudocereals sind pflanzen, die nicht mit echten getreide (wie weizen, reis oder mais) verwandt sind, sondern in aehnlicher weise verwendet werden. sie produzieren speicherbare samen mit kornaehnlichen charakteriszcs, so dass sie lebensfaehige alternazves zu tradizonalen getreide. pseudocereals bieten vorteile wie unterschiedliche schaedlingsresistenz, hohen naehrwert, und glutenfreie aderzen. die drei wichtigsten pseudocereals sind buchweizen, quinoa, und amarant. die molekulare pflanzenzuchtgruppe",,True,trust_failure,0,0.9167,0.0,0.36668,3.616234540939331
"who is working on methods for targeted cancer treatment, and what do they use?","researchers across multiple disciplines are actively working on targeted cancer treatments, employing diverse approaches to enhance precision, efficacy, and safety. one group focuses on the development of tumor-targeted radioligands by refining synthezc methodologies. by leveraging solid-phase chemistry, they have created a modular system to construct folate-based radioconjugates. these compounds are designed to target tumors more effeczvely in radionuclide therapy, opzmizing pharmacokinezcs while ensuring stability and cost-effeczveness. their efforts have led to the synthesis of structurally diverse folate conjugates, broadening the possibilizes for radioligand-based treatments. meanwhile, at eth zurich, biologist daniel richter and his colleagues have devised a method to improve the stability of drug-anzbody linkages, ensuring that anz-cancer agents remain intact unzl they reach tumor cells. their approach relies on a unique enzyme that modifies proteins in a highly specific manner, enabling the creazon of stable and highly targeted anzbody-drug conjugates. this innovazon not only enhances drug efficacy but also reduces side effects by allowing higher dosages to be administered safely. their research is laying the foundazon for more precise cancer therapies that could significantly improve treatment outcomes. another team, led by professor bernd bodenmiller at the tumor profiler center, is harnessing big data and precision medicine to personalize cancer treatment. by analyzing spazal images of tumor zssue at the molecular and cellular levels, researchers are generazng extensive datasets that reveal unique tumor profiles. these data-driven insights help oncologists tailor therapies to individual pazents, leading to more effeczve and personalized treatment plans. the integrazon of cutting-edge computazonal methods with clinical expertise is transforming cancer care, making it more adapzve to each pazent’s specific disease characteriszcs. finally, researchers at engimmune therapeuzcs, an eth spin-off company, are pioneering an approach that redirects immune cells to atack cancer more effeczvely. their work focuses on engineering soluble t-cell receptors (tcrs), which recognize tumor-specific intracellular targets—an area previously inaccessible to tradizonal anzbody therapies. by integrazng machine learning and protein engineering, they can idenzfy the most effeczve tcr variants, ensuring precise targezng while minimizing safety risks. their technology not only enhances the immune system’s ability to recognize and destroy cancer cells but also presents a scalable and cost-effeczve alternazve to current immunotherapies. this is about colleczng, summarizing, and explaining a phenomenon based on eth research.","Scientists from ETH are working on personalized treatment methods for cancer, specifically for pancreatic cancer. They are developing a robotic platform for histology, which could be used for making cancer screening more comfortable and more reliable. The technique used for detecting tumors involves phase contrast x-rays.",False,,0,1.0,1.0,1.0,7.084094047546387
"wer arbeitet an methoden zur gezielten krebsbehandlung, und was verwenden sie?",forscher ueber mehrere disziplinen zu verabreichen commune commune commune commune commune commune commune commune commune commune commune commune commune commune commune commune commune commune commune commune commune commune commune commune commune commune commune commune commune commun,,True,trust_failure,0,0.8333,0.0,0.33332000000000006,4.539593935012817
how is eth research inveszgazng methods to avoid diarrhea?,"at eth zurich, researchers are uncovering novel ways to combat bacterial intesznal diseases, focusing on how vaccinazons can prevent diarrhea and hinder the spread of anzbiozc resistance. led by senior assistant emma slack, the team has demonstrated that vaccine-induced anzbodies in the inteszne play a crucial role in stopping bacterial infeczons before they cause illness. when bacteria such as salmonella divide in the inteszne, vaccine-induced iga anzbodies bind them together, effeczvely trapping enzre bacterial families in clumps. this process, which occurs even at low bacterial densizes, prevents the pathogens from atacking intesznal zssue. instead of killing the bacteria outright—which could trigger an inflammatory immune response—the anzbodies prevent their movement and accelerate their removal through excrezon. the clumping also blocks genezc exchange between bacteria, a key factor in the spread of anzbiozc resistance. the research team tested their approach using oral vaccines made from inaczvated salmonella and e. coli bacteria, and they believe the method could be extended to other harmful pathogens such as shigella and listeria. one promising applicazon is in livestock, where anzbiozc-resistant bacteria frequently originate. by vaccinazng farm animals, the risk of human infeczons from contaminated meat or farm environments could be significantly reduced. this is about explaining a phenomenon based on eth research.",,True,trust_failure,0,0.8333,0.0,0.33332000000000006,11.087606191635132
"wie ist eth forschung inveszgazng methoden, durchfall zu vermeiden?","in eth zurich, forscher entdecken neue wege zur bekaempfung von bakteriellen intesznalen krankheiten, mit dem schwerpunkt darauf, wie vaccinazons koennen durchfall verhindern und behindern die ausbreitung von anzbiozc resistenz. unter der leitung von senior assistant emma slack, das team hat gezeigt, dass impfstoff-induzierte anzbodies in der inteszne spielen eine entscheidende rolle bei der einstellung bakteriellen infeczons, bevor sie krankheit verursachen. wenn bakterien wie salmonellen teilen in der inteszne, impfstoff-indu",,True,trust_failure,0,0.9062,0.0,0.36248,3.396409749984741
what is eth plus?,"the expression can have two meanings. “plus” can stand for planning landscape and urban selngs, an initiative of eth zurich’s department of civil, environmental and geomazc engineering (d-baug). it can also mean eth+, which is a program launched in 2017 by the execuzve board of eth zurich. it aims to ensure eth zurich retains its leading posizon into the future and to develop additional capabilities to take new, unconvenzonal approaches in teaching, research as well as knowledge and technology transfer. in 2019, the program was renamed open eth. this is about dealing with multiple meanings of the same term.","ETH+ is an initiative submitted by students as part of the ETH Centre for Quantum Science and Technology. It is a special project that ETH will support in collaboration with departments and PSI, with the involvement of PSI's Swissfel facility being vital for this endeavor. The context does not provide further information about the nature of ETH+.",False,,0,1.0,0.8333333333333334,0.9,7.3336827754974365
was ist eth plus?,"der ausdruck kann zwei bedeutungen haben. -plus , kann fuer die planung der landschaft und urban selngs stehen, eine initiative der eth zurich s abteilung fuer bau-, umwelt- und geomazc-engineering (d-baug). es kann auch bedeuten eth+, das ein programm ist, das 2017 von der execuzve board von eth zurich ins leben gerufen wurde. es zielt darauf ab, eth zurich seine fuehrende posizon in die zukunft zu behalten und zusaetzliche faehigkeiten zu entwickeln, um neue, unkonven","ETH+ is an initiative launched by the executive board of ETH Zurich in 2017, submitted by students. It covers the entire value chain of research in the ETH domain, focusing on energy-efficient processes and the reduction of CO2 emissions. The initiative has already led to a 15% improvement in energy efficiency between 2006 and 2013, thanks to initiatives like the construction of the new Swiss National Supercomputing Centre (CSCS) in Lugano. The new ETH centre will pool quantum research activities and generate international visibility. ETH has also inaugurated",False,,0,1.0,1.0,1.0,12.076926946640015
how do birds learn new songs?,"songbirds, such as zebra finches, learn new songs through a step-by-step process that mirrors how children acquire language. when exposed to a new song, the birds do not learn it all at once; instead, they adapt syllables they already know to resemble the new ones they must learn. inizally, the sequence of syllables may be jumbled, but in later phases, they rearrange them into the correct order. this incremental learning approach allows songbirds to expand their repertoire efficiently, minimizing effort while maximizing accuracy. researchers at eth zurich have observed this patern in controlled experiments, where young birds exposed to a changing song gradually modified their vocalizazons in a structured way. intereszngly, this learning strategy is similar to methods used in computer linguiszcs for document comparison. just as algorithms analyze the similarity between words while disregarding their order, birds modify individual syllables before organizing them properly. this suggests that songbirds have evolved a computazonally efficient approach to learning, refining their songs in a way that minimizes cognizve load. some researchers hypothesize that human infants might employ a similar method when learning new languages, adapzng familiar sounds before integrazng them into proper linguiszc structures. however, further studies are needed to determine whether this minimalist strategy also applies to human language acquisizon. this is about explaining a phenomenon based on eth research.",,True,trust_failure,0,0.875,0.0,0.35000000000000003,3.250976085662842
wie lernen voegel neue lieder?,"singvoegel, wie z.b. zebrafinken, lernen neue lieder durch einen schritt-fuer-schritt-prozess, der reflektiert, wie kinder sprache erwerben. wenn sie einem neuen lied ausgesetzt sind, lernen die voegel es nicht alles auf einmal; stattdessen passen sie silben an, die sie bereits kennen, um den neuen zu aehneln, die sie lernen muessen. inizally, die sequenz der silben kann durcheinander gebracht werden, aber in spaeteren phasen, sie neu in die richtige reihenfolge. dieser inkrementelle lernansatz ermoeglicht singvoegeln, ihr repertoire effizient zu erweitern, minimierung bemuehungen bei der maximierung der",,True,trust_failure,0,0.85,0.0,0.34,3.2998623847961426
what conneczons does eth have to hong kong?,"besides having exchange of students and researchers, eth zurich maintains institutional agreements with o chinese university of hong kong - daegu gyeongbuk insztute of science and technology - eth zurich, joint research laboratory on innovazve.",,True,trust_failure,0,0.8125,0.0,0.325,3.633493423461914
welche conneczons haben eth zu hong kong?,"neben austausch von studenten und forschern, eth zurich unterhaelt institutionelle vereinbarungen mit der chinesischen universitaet hong kong - daegu gyeongbuk insztute der wissenschaft und technologie - eth zurich, gemeinsame forschungslabor auf innovazve.","ETH Zurich has connections to Hong Kong through the works of artists Pors & Rao, whose pieces ""exploding view"" and ""turning panel"" were showcased at the Art Basel Hong Kong 2018. Additionally, there are collaborations between ETH Zurich and Korean institutions such as the Korea Advanced Institute of Science and Technology (KAIST) and the Korean Energy Agency. Yoon Suk Yeol, the former President of Korea, expressed his interest in further exchanges with ETH Zurich.",False,,0,0.9167,1.0,0.96668,10.9743173122406
for how many years has eth done research on quantum compuzng?,"eth research on quantum electronics goes back to 1988. in 2021, eth and paul scherrer insztute founded the quantum compuzng hub.","ETH Zurich has successfully collaborated with IBM Research lab in Zurich for years, implying that their research on quantum computing has been ongoing for quite some time. However, the context does not provide an exact number of years.",False,,0,0.9643,1.0,0.98572,5.70097279548645
seit wie vielen jahren hat eth forschung ueber quantenkompuzng gemacht?,eth forschung an quantenelektronik geht auf 1988 zurueck. 2021 gruendeten eth und paul scherrer insztute den quantenkompuzng hub.,,True,trust_failure,0,0.875,0.0,0.35000000000000003,3.9902877807617188
what are the current projections for the student numbers at eth?,"in 2022, eth zurich was projeczng an increase in student and doctoral student numbers of approximately 3.5% per year both for 2021–2024 and for 2025–2028.","The context does not provide specific information on the current projections for the student numbers at eth. However, it mentions that the number of students at eth Zurich has grown by around 55 percent since 2005 and that there is a desire to maintain this growth even if it becomes financially tighter.",False,,0,0.9,1.0,0.96,7.036916971206665
was sind die aktuellen projektionen fuer die studierendenzahlen bei eth?,"im jahr 2022 wurde eth zurich von einem anstieg der studierenden- und doktorandenzahlen um rund 3,5 % pro jahr sowohl fuer die jahre 2021–2024 als auch fuer die jahre 2025–2028 ausgegangen.",The context does not provide current projections for student enrollment numbers at ETH.,False,,0,0.9444,1.0,0.97776,3.6716928482055664
why should i study at eth?,"eth zurich is one of the world’s top universizes, known for its outstanding educazon, pioneering research, and strong industry conneczons. with over 25,000 students from 120+ countries, eth offers a diverse and inspiring academic environment. its globally recognized programs, especially in science and engineering, are consistently ranked among the best. eth has produced over 20 nobel laureates, including albert einstein, and fosters innovazon through industry collaborations and over 540 spin-offs. located in switzerland’s thriving economy, eth provides excellent career opportunizes, while students also have the chance to immerse themselves in a mulzcultural selng and even learn german.",,True,trust_failure,0,1.0,0.0,0.4,10.318177700042725
warum sollte ich an eth studieren?,"eth zurich ist einer der weltbesten universizes, bekannt fuer seine herausragende educationzon, wegweisende forschung und starke industrie conneczons. mit ueber 25.000 studenten aus 120+ laendern, bietet eth ein vielfaeltiges und inspirierendes akademisches umgebung. seine weltweit anerkannten programme, insbesondere in science and engineering, gehoeren konsequent zu den besten. eth hat ueber 20 nobelpreistraeger produziert, darunter albert einstein, und foerdert innovazon durch branchenkooperationen und ueber 540 spin-offs. in schweiz","Answer: The ETH Zurich offers excellent infrastructure for training in technical professions, computer science, and lab-based occupations with mechanical training workshops and dedicated labs for biology, chemistry, electronics, computer science, and physics. It is particularly renowned for its programs in these fields. Additionally, the ETH Zurich is part of the European Research Program Horizon 2020 and has made it into the top 10 of the world's best universities according to the QS ranking. Sarah Springman, the rector of ETH Zurich, emphasizes her commitment to providing students with",False,,0,0.95,1.0,0.98,11.595971584320068
"who inveszgated the catastrophic events in tibet in 2016, and what was found?","an internazonal team of scienzsts from eth zurich, slf/wsl, and the scienzfic commission gaphaz inveszgated the catastrophic glacier collapses in tibet in 2016. their research was based on satellite imagery from esa’s senznel satellites and radar data from tandem-x, a german aerospace center mission. the first collapse, which occurred on july 17 near aru co lake, resulted in an ice avalanche of approximately 65 million cubic meters, causing the deaths of nine herders and numerous animals. through data analysis, the researchers discovered that the glacier was in a ""surging"" state before its collapse, meaning that an excess ice mass had rapidly moved downstream, likely due to the accumulazon of meltwater beneath the glacier. this lubricazon weakened its base, ulzmately leading to its catastrophic failure. further analysis revealed that a neighboring glacier exhibited similar warning signs, prompzng the scienzsts to issue an alert. on september 19, 2016, new satellite imagery showed large crevasses forming along this second glacier, mirroring the failure patern of the first. working with experts, including yves bühler (slf) and daniel farinol (vaw/wsl), the team modeled the risk of another collapse, leading slf to produce a hazard indicazon map. the warning was swiftly communicated to chinese scienzsts and local authorizes, but only hours later, on september 22, the second glacier collapsed. fortunately, this zme there were no casualzes. the inveszgazon continues, with scienzsts examining geological, meteorological, and climate-related factors to understand why these rare twin glacier collapses occurred within such a short period. the event highlighted the potenzal role of climate change and demonstrated the growing capability of satellite-based early warning systems. this is about explaining a phenomenon based on eth research.",,True,trust_failure,0,0.9167,0.0,0.36668,4.40217399597168
wer hat 2016 die katastrophalen ereignisse im tibeter inveszgated und was wurde gefunden?,"ein internazonales team von scienzsts aus eth zurich, slf/wsl, und die scienzfic kommission gaphaz inveszgated die katastrophalen gletscherkollaps in tibet im jahr 2016. ihre forschung basierte auf satellitenbildern von esa senznel satelliten und radardaten von tandem-x, einem deutschen luft- und raumfahrtzentrum mission. der erste kollaps, der am 17. juli in der naehe von aru co see stattfand, fuehrte zu",,True,trust_failure,0,0.8409,0.0,0.33636,4.787854194641113
why should eth receive any additional funding?,"addizonal funding for eth zurich is not just an investment in one institution - it’s an investment in innovazon, educazon, and the future. it enables transformazve research, nurtures global talent, and drives economic and societal progress, all of which have laszng benefits locally, nazonally, and internazonally.","According to the context, Eth Zurich has received additional funding for various initiatives such as reducing reserves to grow in strategically important fields, implementing the barrier-free project, and enabling innovations in teaching through donations. Eth Zurich has also been attractive in winning ERC advanced grants due to its leading position in research fields like physics, material sciences, and earth sciences. Therefore, Eth Zurich should receive additional funding to support its strategic initiatives and maintain its position as a leading research institution.",False,,0,1.0,0.6666666666666666,0.8,9.371318340301514
warum sollte eth zusaetzliche mittel erhalten?,"zusaetzliche finanzierung fuer eth zurich ist nicht nur eine investition in eine institution - es ist eine investition in innovazon, educationzon, und die zukunft. es ermoeglicht transformazve forschung, naehrt globale talente und treibt wirtschaftlichen und gesellschaftlichen fortschritt, die alle haben laszng vorteile lokal, nazonal und internazonal.","The context does not provide a clear answer as to why ETH should receive additional funds specifically. However, it mentions that they plan to provide more funds for scholarships, and the presidents of ETH made clear to EU representatives that Switzerland needs full association to the European research program Horizon 2020. Additionally, the text mentions the importance of quality education and good supervision relationships, and the role ETH plays in research and innovation in Switzerland.",False,,0,0.875,1.0,0.95,9.047448873519897
anybody at eth doing anything for people with disabilizes?,"eth zurich's goal is to minimize obstacles as much as possible or ideally eliminate them completely, as spelled out in the goal of the central initiative barrier-free eth: the university should be designed according to the principle of “design for all” so that all people have largely unrestricted access to the buildings and services. in addition, there are various research projects connected to assiszve technology.","YES, there are accessible public guided tours available at ETH Zurich, specifically designed for people with visual impairments, and arrangements can be made for sign-language interpreters. The ""Joining with Wood"" tour on 1 February is an example of this. Additionally, ETH Zurich's office for equal opportunities celebrated its 20th anniversary.",False,,0,0.8929,1.0,0.95716,7.834873914718628
hat jemand bei eth etwas fuer leute mit destabilisierungen getan?,"eth zurichs ziel ist es, hindernisse so weit wie moeglich zu minimieren oder sie idealerweise vollstaendig zu beseitigen, wie es im ziel der zentralen initiative barrierefreies eth formuliert ist: die universitaet sollte nach dem prinzip der gestaltung fuer alle konzipiert werden, damit alle menschen weitgehend uneingeschraenkten zugang zu den gebaeuden und dienstleistungen haben.darueber hinaus gibt es verschiedene forschungsprojekte im zusammenhang mit der assiszve-technologie.",,True,trust_failure,0,0.975,0.0,0.39,7.750463485717773
does eth organize any competitions?,"eth zurich organizes a number of competitions for the public good, addressing youth, aspiring researchers, sports, innovators, and entrepreneurs. what area would you like to explore? do not foster “competitions” of competitions. arguably, a very famous one is the cybathlon, which could be menzoned if the user asks more specifically, for example in the context of question 24.","Yes, Eth Zurich organizes the Dandelion Entrepreneurship Award for Eth professors and a photo competition under subproject 10 with prizes for the winners.",False,,0,0.8125,1.0,0.925,4.6616997718811035
organisiert eth irgendwelche wettbewerbe?,"eth zurich organisiert eine reihe von wettbewerben fuer das oeffentliche gut, adressieren junge, aufstrebende forscher, sport, innovatoren, und entrepreneurs. in welchem bereich moechten sie erkunden? nicht foerdern wettbewerbe. wohl, ein sehr beruehmter ist der cybathlon, der menzoned sein koennte, wenn der benutzer speziell fragt, zum beispiel im kontext der frage 24.","Yes, Eth Zurich organized a photo contest in 2023, as mentioned in the context.",False,,0,0.875,1.0,0.95,3.4282281398773193
